project_title,technology name
project1,Solar Panels
project2,Solidworks
project3,Lithium battery
project4,Active carbon filtration
project5,PCB router
project6,Laser cutter
project7,Polyjet 3d printing
project8,FDM 3d printing
project9,Ultimaker desktop 3d printing
project10,CNC mills
project11,Waterjet
project12,3d scanner
project13,Blender 3d modeling
project14,Ultimaker Cura modeling
project15,Corel Draw
project16,Water booster pump
project17,Arduino
project18,Python
project19,Unity 
project20,Adobe Photoshop
project21,Adobe Illustrator
project22,Procreate
project23,Mig/Tig Welders
project24,Soldering
project25,Solar Panels
project26,Solidworks
project27,Lithium battery
project28,Active carbon filtration
project29,PCB router
project30,Laser cutter
project31,Polyjet 3d printing
project32,FDM 3d printing
project33,Ultimaker desktop 3d printing
project34,CNC mills
project35,Waterjet
project36,3d scanner
project37,Blender 3d modeling
project38,Ultimaker Cura modeling
project39,Corel Draw
project40,Water booster pump
project41,Arduino
project42,Python
project43,Unity 
project44,Adobe Photoshop
project45,Adobe Illustrator
project46,Procreate
project47,Mig/Tig Welders
project48,Soldering
project49,Solar Panels
project50,Solidworks
project51,Lithium battery
project52,Active carbon filtration
project53,PCB router
project54,Laser cutter
project55,Polyjet 3d printing
project56,FDM 3d printing
project57,Ultimaker desktop 3d printing
project58,CNC mills
project59,Waterjet
project60,3d scanner
project61,Blender 3d modeling
project62,Ultimaker Cura modeling
project63,Corel Draw
project64,Water booster pump
project65,Arduino
project66,Python
project67,Unity 
project68,Adobe Photoshop
project69,Adobe Illustrator
project70,Procreate
project71,Mig/Tig Welders
project72,Soldering
project73,Solar Panels
project74,Solidworks
project75,Lithium battery
project76,Active carbon filtration
project77,PCB router
project78,Laser cutter
project79,Polyjet 3d printing
project80,FDM 3d printing
project81,Ultimaker desktop 3d printing
project82,CNC mills
project83,Waterjet
project84,3d scanner
project85,Blender 3d modeling
project86,Ultimaker Cura modeling
project87,Corel Draw
project88,Water booster pump
project89,Arduino
project90,Python
project91,Unity 
project92,Adobe Photoshop
project93,Adobe Illustrator
project94,Procreate
project95,Mig/Tig Welders
project96,Soldering
project97,Solar Panels
project98,Solidworks
project99,Lithium battery
project100,Active carbon filtration
project101,PCB router
project102,Laser cutter
project103,Polyjet 3d printing
project104,FDM 3d printing
project105,Ultimaker desktop 3d printing
project106,CNC mills
project107,Waterjet
project108,3d scanner
project109,Blender 3d modeling
project110,Ultimaker Cura modeling
project111,Corel Draw
project112,Water booster pump
project113,Arduino
project114,Python
project115,Unity 
project116,Adobe Photoshop
project117,Adobe Illustrator
project118,Procreate
project119,Mig/Tig Welders
project120,Soldering
project121,Solar Panels
project122,Solidworks
project123,Lithium battery
project124,Active carbon filtration
project125,PCB router
project126,Laser cutter
project127,Polyjet 3d printing
project128,FDM 3d printing
project129,Ultimaker desktop 3d printing
project130,CNC mills
project131,Waterjet
project132,3d scanner
project133,Blender 3d modeling
project134,Ultimaker Cura modeling
project135,Corel Draw
project136,Water booster pump
project137,Arduino
project138,Python
project139,Unity 
project140,Adobe Photoshop
project141,Adobe Illustrator
project142,Procreate
project143,Mig/Tig Welders
project144,Soldering
project145,Solar Panels
project146,Solidworks
project147,Lithium battery
project148,Active carbon filtration
project149,PCB router
project150,Laser cutter
project151,Polyjet 3d printing
project152,FDM 3d printing
project153,Ultimaker desktop 3d printing
project154,CNC mills
project155,Waterjet
project156,3d scanner
project157,Blender 3d modeling
project158,Ultimaker Cura modeling
project159,Corel Draw
project160,Water booster pump
project161,Arduino
project162,Python
project163,Unity 
project164,Adobe Photoshop
project165,Adobe Illustrator
project166,Procreate
project167,Mig/Tig Welders
project168,Soldering
project169,Solar Panels
project170,Solidworks
project171,Lithium battery
project172,Active carbon filtration
project173,PCB router
project174,Laser cutter
project175,Polyjet 3d printing
project176,FDM 3d printing
project177,Ultimaker desktop 3d printing
project178,CNC mills
project179,Waterjet
project180,3d scanner
project181,Blender 3d modeling
project182,Ultimaker Cura modeling
project183,Corel Draw
project184,Water booster pump
project185,Arduino
project186,Python
project187,Unity 
project188,Adobe Photoshop
project189,Adobe Illustrator
project190,Procreate
project191,Mig/Tig Welders
project192,Soldering
project193,Solar Panels
project194,Solidworks
project195,Lithium battery
project196,Active carbon filtration
project197,PCB router
project198,Laser cutter
project199,Polyjet 3d printing
project200,FDM 3d printing
project201,Ultimaker desktop 3d printing
project202,CNC mills
project203,Waterjet
project204,3d scanner
project205,Blender 3d modeling
project206,Ultimaker Cura modeling
project207,Corel Draw
project208,Water booster pump
project209,Arduino
project210,Python
project211,Unity 
project212,Adobe Photoshop
project213,Adobe Illustrator
project214,Procreate
project215,Mig/Tig Welders
project216,Soldering
project217,Solar Panels
project218,Solidworks
project219,Lithium battery
project220,Active carbon filtration
project221,PCB router
project222,Laser cutter
project223,Polyjet 3d printing
project224,FDM 3d printing
project225,Ultimaker desktop 3d printing
project226,CNC mills
project227,Waterjet
project228,3d scanner
project229,Blender 3d modeling
project230,Ultimaker Cura modeling
project231,Corel Draw
project232,Water booster pump
project233,Arduino
project234,Python
project235,Unity 
project236,Adobe Photoshop
project237,Adobe Illustrator
project238,Procreate
project239,Mig/Tig Welders
project240,Soldering
project241,Solar Panels
project242,Solidworks
project243,Lithium battery
project244,Active carbon filtration
project245,PCB router
project246,Laser cutter
project247,Polyjet 3d printing
project248,FDM 3d printing
project249,Ultimaker desktop 3d printing
project250,CNC mills
project251,Waterjet
project252,3d scanner
project253,Blender 3d modeling
project254,Ultimaker Cura modeling
project255,Corel Draw
project256,Water booster pump
project257,Arduino
project258,Python
project259,Unity 
project260,Adobe Photoshop
project261,Adobe Illustrator
project262,Procreate
project263,Mig/Tig Welders
project264,Soldering
project265,Solar Panels
project266,Solidworks
project267,Lithium battery
project268,Active carbon filtration
project269,PCB router
project270,Laser cutter
project271,Polyjet 3d printing
project272,FDM 3d printing
project273,Ultimaker desktop 3d printing
project274,CNC mills
project275,Waterjet
project276,3d scanner
project277,Blender 3d modeling
project278,Ultimaker Cura modeling
project279,Corel Draw
project280,Water booster pump
project281,Arduino
project282,Python
project283,Unity 
project284,Adobe Photoshop
project285,Adobe Illustrator
project286,Procreate
project287,Mig/Tig Welders
project288,Soldering
project289,Solar Panels
project290,Solidworks
project291,Lithium battery
project292,Active carbon filtration
project293,PCB router
project294,Laser cutter
project295,Polyjet 3d printing
project296,FDM 3d printing
project297,Ultimaker desktop 3d printing
project298,CNC mills
project299,Waterjet
project300,3d scanner
project301,Blender 3d modeling
project302,Ultimaker Cura modeling
project303,Corel Draw
project304,Water booster pump
project305,Arduino
project306,Python
project307,Unity 
project308,Adobe Photoshop
project309,Adobe Illustrator
project310,Procreate
project311,Mig/Tig Welders
project312,Soldering
project313,Solar Panels
project314,Solidworks
project315,Lithium battery
project316,Active carbon filtration
project317,PCB router
project318,Laser cutter
project319,Polyjet 3d printing
project320,FDM 3d printing
project321,Ultimaker desktop 3d printing
project322,CNC mills
project323,Waterjet
project324,3d scanner
project325,Blender 3d modeling
project326,Ultimaker Cura modeling
project327,Corel Draw
project328,Water booster pump
project329,Arduino
project330,Python
project331,Unity 
project332,Adobe Photoshop
project333,Adobe Illustrator
project334,Procreate
project335,Mig/Tig Welders
project336,Soldering
project337,Solar Panels
project338,Solidworks
project339,Lithium battery
project340,Active carbon filtration
project341,PCB router
project342,Laser cutter
project343,Polyjet 3d printing
project344,FDM 3d printing
project345,Ultimaker desktop 3d printing
project346,CNC mills
project347,Waterjet
project348,3d scanner
project349,Blender 3d modeling
project350,Ultimaker Cura modeling
project351,Corel Draw
project352,Water booster pump
project353,Arduino
project354,Python
project355,Unity 
project356,Adobe Photoshop
project357,Adobe Illustrator
project358,Procreate
project359,Mig/Tig Welders
project360,Soldering
project361,Solar Panels
project362,Solidworks
project363,Lithium battery
project364,Active carbon filtration
project365,PCB router
project366,Laser cutter
project367,Polyjet 3d printing
project368,FDM 3d printing
project369,Ultimaker desktop 3d printing
project370,CNC mills
project371,Waterjet
project372,3d scanner
project373,Blender 3d modeling
project374,Ultimaker Cura modeling
project375,Corel Draw
project376,Water booster pump
project377,Arduino
project378,Python
project379,Unity 
project380,Adobe Photoshop
project381,Adobe Illustrator
project382,Procreate
project383,Mig/Tig Welders
project384,Soldering
project385,Solar Panels
project386,Solidworks
project387,Lithium battery
project388,Active carbon filtration
project389,PCB router
project390,Laser cutter
project391,Polyjet 3d printing
project392,FDM 3d printing
project393,Ultimaker desktop 3d printing
project394,CNC mills
project395,Waterjet
project396,3d scanner
project397,Blender 3d modeling
project398,Ultimaker Cura modeling
project399,Corel Draw
project400,Water booster pump
project401,Arduino
project402,Python
project403,Unity 
project404,Adobe Photoshop
project405,Adobe Illustrator
project406,Procreate
project407,Mig/Tig Welders
project408,Soldering
project409,Solar Panels
project410,Solidworks
project411,Lithium battery
project412,Active carbon filtration
project413,PCB router
project414,Laser cutter
project415,Polyjet 3d printing
project416,FDM 3d printing
project417,Ultimaker desktop 3d printing
project418,CNC mills
project419,Waterjet
project420,3d scanner
project421,Blender 3d modeling
project422,Ultimaker Cura modeling
project423,Corel Draw
project424,Water booster pump
project425,Arduino
project426,Python
project427,Unity 
project428,Adobe Photoshop
project429,Adobe Illustrator
project430,Procreate
project431,Mig/Tig Welders
project432,Soldering
project433,Solar Panels
project434,Solidworks
project435,Lithium battery
project436,Active carbon filtration
project437,PCB router
project438,Laser cutter
project439,Polyjet 3d printing
project440,FDM 3d printing
project441,Ultimaker desktop 3d printing
project442,CNC mills
project443,Waterjet
project444,3d scanner
project445,Blender 3d modeling
project446,Ultimaker Cura modeling
project447,Corel Draw
project448,Water booster pump
project449,Arduino
project450,Python
project451,Unity 
project452,Adobe Photoshop
project453,Adobe Illustrator
project454,Procreate
project455,Mig/Tig Welders
project456,Soldering
project457,Solar Panels
project458,Solidworks
project459,Lithium battery
project460,Active carbon filtration
project461,PCB router
project462,Laser cutter
project463,Polyjet 3d printing
project464,FDM 3d printing
project465,Ultimaker desktop 3d printing
project466,CNC mills
project467,Waterjet
project468,3d scanner
project469,Blender 3d modeling
project470,Ultimaker Cura modeling
project471,Corel Draw
project472,Water booster pump
project473,Arduino
project474,Python
project475,Unity 
project476,Adobe Photoshop
project477,Adobe Illustrator
project478,Procreate
project479,Mig/Tig Welders
project480,Soldering
project481,Solar Panels
project482,Solidworks
project483,Lithium battery
project484,Active carbon filtration
project485,PCB router
project486,Laser cutter
project487,Polyjet 3d printing
project488,FDM 3d printing
project489,Ultimaker desktop 3d printing
project490,CNC mills
project491,Waterjet
project492,3d scanner
project493,Blender 3d modeling
project494,Ultimaker Cura modeling
project495,Corel Draw
project496,Water booster pump
project497,Arduino
project498,Python
project499,Unity 
project500,Adobe Photoshop
project501,Adobe Illustrator
project502,Procreate
project503,Mig/Tig Welders
project504,Soldering
project505,Solar Panels
project506,Solidworks
project507,Lithium battery
project508,Active carbon filtration
project509,PCB router
project510,Laser cutter
project511,Polyjet 3d printing
project512,FDM 3d printing
project513,Ultimaker desktop 3d printing
project514,CNC mills
project515,Waterjet
project516,3d scanner
project517,Blender 3d modeling
project518,Ultimaker Cura modeling
project519,Corel Draw
project520,Water booster pump
project521,Arduino
project522,Python
project523,Unity 
project524,Adobe Photoshop
project525,Adobe Illustrator
project526,Procreate
project527,Mig/Tig Welders
project528,Soldering
project529,Solar Panels
project530,Solidworks
project531,Lithium battery
project532,Active carbon filtration
project533,PCB router
project534,Laser cutter
project535,Polyjet 3d printing
project536,FDM 3d printing
project537,Ultimaker desktop 3d printing
project538,CNC mills
project539,Waterjet
project540,3d scanner
project541,Blender 3d modeling
project542,Ultimaker Cura modeling
project543,Corel Draw
project544,Water booster pump
project545,Arduino
project546,Python
project547,Unity 
project548,Adobe Photoshop
project549,Adobe Illustrator
project550,Procreate
project551,Mig/Tig Welders
project552,Soldering
project553,Solar Panels
project554,Solidworks
project555,Lithium battery
project556,Active carbon filtration
project557,PCB router
project558,Laser cutter
project559,Polyjet 3d printing
project560,FDM 3d printing
project561,Ultimaker desktop 3d printing
project562,CNC mills
project563,Waterjet
project564,3d scanner
project565,Blender 3d modeling
project566,Ultimaker Cura modeling
project567,Corel Draw
project568,Water booster pump
project569,Arduino
project570,Python
project571,Unity 
project572,Adobe Photoshop
project573,Adobe Illustrator
project574,Procreate
project575,Mig/Tig Welders
project576,Soldering
project577,Solar Panels
project578,Solidworks
project579,Lithium battery
project580,Active carbon filtration
project581,PCB router
project582,Laser cutter
project583,Polyjet 3d printing
project584,FDM 3d printing
project585,Ultimaker desktop 3d printing
project586,CNC mills
project587,Waterjet
project588,3d scanner
project589,Blender 3d modeling
project590,Ultimaker Cura modeling
project591,Corel Draw
project592,Water booster pump
project593,Arduino
project594,Python
project595,Unity 
project596,Adobe Photoshop
project597,Adobe Illustrator
project598,Procreate
project599,Mig/Tig Welders
project600,Solar Panels
project601,Solidworks
project602,Lithium battery
project603,Active carbon filtration
project604,PCB router
project605,Laser cutter
project606,Polyjet 3d printing
project607,FDM 3d printing
project608,Ultimaker desktop 3d printing
project609,CNC mills
project610,Waterjet
project611,3d scanner
project612,Blender 3d modeling
project613,Ultimaker Cura modeling
project614,Corel Draw
project615,Water booster pump
project616,Arduino
project617,Python
project618,Unity 
project619,Adobe Photoshop
project620,Adobe Illustrator
project621,Procreate
project622,Mig/Tig Welders
project623,Soldering
project624,Solar Panels
project625,Solidworks
project626,Lithium battery
project627,Active carbon filtration
project628,PCB router
project629,Laser cutter
project630,Polyjet 3d printing
project631,FDM 3d printing
project632,Ultimaker desktop 3d printing
project633,CNC mills
project634,Waterjet
project635,3d scanner
project636,Blender 3d modeling
project637,Ultimaker Cura modeling
project638,Corel Draw
project639,Water booster pump
project640,Arduino
project641,Python
project642,Unity 
project643,Adobe Photoshop
project644,Adobe Illustrator
project645,Procreate
project646,Mig/Tig Welders
project647,Soldering
project648,Solar Panels
project649,Solidworks
project650,Lithium battery
project651,Active carbon filtration
project652,PCB router
project653,Laser cutter
project654,Polyjet 3d printing
project655,FDM 3d printing
project656,Ultimaker desktop 3d printing
project657,CNC mills
project658,Waterjet
project659,3d scanner
project660,Blender 3d modeling
project661,Ultimaker Cura modeling
project662,Corel Draw
project663,Water booster pump
project664,Arduino
project665,Python
project666,Unity 
project667,Adobe Photoshop
project668,Adobe Illustrator
project669,Procreate
project670,Mig/Tig Welders
project671,Soldering
project672,Solar Panels
project673,Solidworks
project674,Lithium battery
project675,Active carbon filtration
project676,PCB router
project677,Laser cutter
project678,Polyjet 3d printing
project679,FDM 3d printing
project680,Ultimaker desktop 3d printing
project681,CNC mills
project682,Waterjet
project683,3d scanner
project684,Blender 3d modeling
project685,Ultimaker Cura modeling
project686,Corel Draw
project687,Water booster pump
project688,Arduino
project689,Python
project690,Unity 
project691,Adobe Photoshop
project692,Adobe Illustrator
project693,Procreate
project694,Mig/Tig Welders
project695,Soldering
project696,Solar Panels
project697,Solidworks
project698,Lithium battery
project699,Active carbon filtration
project700,PCB router
project701,Laser cutter
project702,Polyjet 3d printing
project703,FDM 3d printing
project704,Ultimaker desktop 3d printing
project705,CNC mills
project706,Waterjet
project707,3d scanner
project708,Blender 3d modeling
project709,Ultimaker Cura modeling
project710,Corel Draw
project711,Water booster pump
project712,Arduino
project713,Python
project714,Unity 
project715,Adobe Photoshop
project716,Adobe Illustrator
project717,Procreate
project718,Mig/Tig Welders
project719,Soldering
project720,Solar Panels
project721,Solidworks
project722,Lithium battery
project723,Active carbon filtration
project724,PCB router
project725,Laser cutter
project726,Polyjet 3d printing
project727,FDM 3d printing
project728,Ultimaker desktop 3d printing
project729,CNC mills
project730,Waterjet
project731,3d scanner
project732,Blender 3d modeling
project733,Ultimaker Cura modeling
project734,Corel Draw
project735,Water booster pump
project736,Arduino
project737,Python
project738,Unity 
project739,Adobe Photoshop
project740,Adobe Illustrator
project741,Procreate
project742,Mig/Tig Welders
project743,Soldering
project744,Solar Panels
project745,Solidworks
project746,Lithium battery
project747,Active carbon filtration
project748,PCB router
project749,Laser cutter
project750,Polyjet 3d printing
project751,FDM 3d printing
project752,Ultimaker desktop 3d printing
project753,CNC mills
project754,Waterjet
project755,3d scanner
project756,Blender 3d modeling
project757,Ultimaker Cura modeling
project758,Corel Draw
project759,Water booster pump
project760,Arduino
project761,Python
project762,Unity 
project763,Adobe Photoshop
project764,Adobe Illustrator
project765,Procreate
project766,Mig/Tig Welders
project767,Soldering
project768,Solar Panels
project769,Solidworks
project770,Lithium battery
project771,Active carbon filtration
project772,PCB router
project773,Laser cutter
project774,Polyjet 3d printing
project775,FDM 3d printing
project776,Ultimaker desktop 3d printing
project777,CNC mills
project778,Waterjet
project779,3d scanner
project780,Blender 3d modeling
project781,Ultimaker Cura modeling
project782,Corel Draw
project783,Water booster pump
project784,Arduino
project785,Python
project786,Unity 
project787,Adobe Photoshop
project788,Adobe Illustrator
project789,Procreate
project790,Mig/Tig Welders
project791,Soldering
project792,Solar Panels
project793,Solidworks
project794,Lithium battery
project795,Active carbon filtration
project796,PCB router
project797,Laser cutter
project798,Polyjet 3d printing
project799,FDM 3d printing
project800,Ultimaker desktop 3d printing
project801,CNC mills
project802,Waterjet
project803,3d scanner
project804,Blender 3d modeling
project805,Ultimaker Cura modeling
project806,Corel Draw
project807,Water booster pump
project808,Arduino
project809,Python
project810,Unity 
project811,Adobe Photoshop
project812,Adobe Illustrator
project813,Procreate
project814,Mig/Tig Welders
project815,Soldering
project816,Solar Panels
project817,Solidworks
project818,Lithium battery
project819,Active carbon filtration
project820,PCB router
project821,Laser cutter
project822,Polyjet 3d printing
project823,FDM 3d printing
project824,Ultimaker desktop 3d printing
project825,CNC mills
project826,Waterjet
project827,3d scanner
project828,Blender 3d modeling
project829,Ultimaker Cura modeling
project830,Corel Draw
project831,Water booster pump
project832,Arduino
project833,Python
project834,Unity 
project835,Adobe Photoshop
project836,Adobe Illustrator
project837,Procreate
project838,Mig/Tig Welders
project839,Soldering
project840,Solar Panels
project841,Solidworks
project842,Lithium battery
project843,Active carbon filtration
project844,PCB router
project845,Laser cutter
project846,Polyjet 3d printing
project847,FDM 3d printing
project848,Ultimaker desktop 3d printing
project849,CNC mills
project850,Waterjet
project851,3d scanner
project852,Blender 3d modeling
project853,Ultimaker Cura modeling
project854,Corel Draw
project855,Water booster pump
project856,Arduino
project857,Python
project858,Unity 
project859,Adobe Photoshop
project860,Adobe Illustrator
project861,Procreate
project862,Mig/Tig Welders
project863,Soldering
project864,Solar Panels
project865,Solidworks
project866,Lithium battery
project867,Active carbon filtration
project868,PCB router
project869,Laser cutter
project870,Polyjet 3d printing
project871,FDM 3d printing
project872,Ultimaker desktop 3d printing
project873,CNC mills
project874,Waterjet
project875,3d scanner
project876,Blender 3d modeling
project877,Ultimaker Cura modeling
project878,Corel Draw
project879,Water booster pump
project880,Arduino
project881,Python
project882,Unity 
project883,Adobe Photoshop
project884,Adobe Illustrator
project885,Procreate
project886,Mig/Tig Welders
project887,Soldering
project888,Solar Panels
project889,Solidworks
project890,Lithium battery
project891,Active carbon filtration
project892,PCB router
project893,Laser cutter
project894,Polyjet 3d printing
project895,FDM 3d printing
project896,Ultimaker desktop 3d printing
project897,CNC mills
project898,Waterjet
project899,3d scanner
project900,Blender 3d modeling
project901,Ultimaker Cura modeling
project902,Corel Draw
project903,Water booster pump
project904,Arduino
project905,Python
project906,Unity 
project907,Adobe Photoshop
project908,Adobe Illustrator
project909,Procreate
project910,Mig/Tig Welders
project911,Soldering
project912,Solar Panels
project913,Solidworks
project914,Lithium battery
project915,Active carbon filtration
project916,PCB router
project917,Laser cutter
project918,Polyjet 3d printing
project919,FDM 3d printing
project920,Ultimaker desktop 3d printing
project921,CNC mills
project922,Waterjet
project923,3d scanner
project924,Blender 3d modeling
project925,Ultimaker Cura modeling
project926,Corel Draw
project927,Water booster pump
project928,Arduino
project929,Python
project930,Unity 
project931,Adobe Photoshop
project932,Adobe Illustrator
project933,Procreate
project934,Mig/Tig Welders
project935,Soldering
project936,Solar Panels
project937,Solidworks
project938,Lithium battery
project939,Active carbon filtration
project940,PCB router
project941,Laser cutter
project942,Polyjet 3d printing
project943,FDM 3d printing
project944,Ultimaker desktop 3d printing
project945,CNC mills
project946,Waterjet
project947,3d scanner
project948,Blender 3d modeling
project949,Ultimaker Cura modeling
project950,Corel Draw
project951,Water booster pump
project952,Arduino
project953,Python
project954,Unity 
project955,Adobe Photoshop
project956,Adobe Illustrator
project957,Procreate
project958,Mig/Tig Welders
project959,Soldering
project960,Solar Panels
project961,Solidworks
project962,Lithium battery
project963,Active carbon filtration
project964,PCB router
project965,Laser cutter
project966,Polyjet 3d printing
project967,FDM 3d printing
project968,Ultimaker desktop 3d printing
project969,CNC mills
project970,Waterjet
project971,3d scanner
project972,Blender 3d modeling
project973,Ultimaker Cura modeling
project974,Corel Draw
project975,Water booster pump
project976,Arduino
project977,Python
project978,Unity 
project979,Adobe Photoshop
project980,Adobe Illustrator
project981,Procreate
project982,Mig/Tig Welders
project983,Soldering
project984,Solar Panels
project985,Solidworks
project986,Lithium battery
project987,Active carbon filtration
project988,PCB router
project989,Laser cutter
project990,Polyjet 3d printing
project991,FDM 3d printing
project992,Ultimaker desktop 3d printing
project993,CNC mills
project994,Waterjet
project995,3d scanner
project996,Blender 3d modeling
project997,Ultimaker Cura modeling
project998,Corel Draw
project999,Water booster pump
project1000,Arduino
project1001,Python
project1002,Unity 
project1003,Adobe Photoshop
project1004,Adobe Illustrator
project1005,Procreate
project1006,Mig/Tig Welders
project1007,Soldering
project1008,Solar Panels
project1009,Solidworks
project1010,Lithium battery
project1011,Active carbon filtration
project1012,PCB router
project1013,Laser cutter
project1014,Polyjet 3d printing
project1015,FDM 3d printing
project1016,Ultimaker desktop 3d printing
project1017,CNC mills
project1018,Waterjet
project1019,3d scanner
project1020,Blender 3d modeling
project1021,Ultimaker Cura modeling
project1022,Corel Draw
project1023,Water booster pump
project1024,Arduino
project1025,Python
project1026,Unity 
project1027,Adobe Photoshop
project1028,Adobe Illustrator
project1029,Procreate
project1030,Mig/Tig Welders
project1031,Soldering
project1032,Solar Panels
project1033,Solidworks
project1034,Lithium battery
project1035,Active carbon filtration
project1036,PCB router
project1037,Laser cutter
project1038,Polyjet 3d printing
project1039,FDM 3d printing
project1040,Ultimaker desktop 3d printing
project1041,CNC mills
project1042,Waterjet
project1043,3d scanner
project1044,Blender 3d modeling
project1045,Ultimaker Cura modeling
project1046,Corel Draw
project1047,Water booster pump
project1048,Arduino
project1049,Python
project1050,Unity 
project1051,Adobe Photoshop
project1052,Adobe Illustrator
project1053,Procreate
project1054,Mig/Tig Welders
project1055,Soldering
project1056,Solar Panels
project1057,Solidworks
project1058,Lithium battery
project1059,Active carbon filtration
project1060,PCB router
project1061,Laser cutter
project1062,Polyjet 3d printing
project1063,FDM 3d printing
project1064,Ultimaker desktop 3d printing
project1065,CNC mills
project1066,Waterjet
project1067,3d scanner
project1068,Blender 3d modeling
project1069,Ultimaker Cura modeling
project1070,Corel Draw
project1071,Water booster pump
project1072,Arduino
project1073,Python
project1074,Unity 
project1075,Adobe Photoshop
project1076,Adobe Illustrator
project1077,Procreate
project1078,Mig/Tig Welders
project1079,Soldering
project1080,Solar Panels
project1081,Solidworks
project1082,Lithium battery
project1083,Active carbon filtration
project1084,PCB router
project1085,Laser cutter
project1086,Polyjet 3d printing
project1087,FDM 3d printing
project1088,Ultimaker desktop 3d printing
project1089,CNC mills
project1090,Waterjet
project1091,3d scanner
project1092,Blender 3d modeling
project1093,Ultimaker Cura modeling
project1094,Corel Draw
project1095,Water booster pump
project1096,Arduino
project1097,Python
project1098,Unity 
project1099,Adobe Photoshop
project1100,Adobe Illustrator
project1101,Procreate
project1102,Mig/Tig Welders
project1103,Soldering
project1104,Solar Panels
project1105,Solidworks
project1106,Lithium battery
project1107,Active carbon filtration
project1108,PCB router
project1109,Laser cutter
project1110,Polyjet 3d printing
project1111,FDM 3d printing
project1112,Ultimaker desktop 3d printing
project1113,CNC mills
project1114,Waterjet
project1115,3d scanner
project1116,Blender 3d modeling
project1117,Ultimaker Cura modeling
project1118,Corel Draw
project1119,Water booster pump
project1120,Arduino
project1121,Python
project1122,Unity 
project1123,Adobe Photoshop
project1124,Adobe Illustrator
project1125,Procreate
project1126,Mig/Tig Welders
project1127,Soldering
project1128,Solar Panels
project1129,Solidworks
project1130,Lithium battery
project1131,Active carbon filtration
project1132,PCB router
project1133,Laser cutter
project1134,Polyjet 3d printing
project1135,FDM 3d printing
project1136,Ultimaker desktop 3d printing
project1137,CNC mills
project1138,Waterjet
project1139,3d scanner
project1140,Blender 3d modeling
project1141,Ultimaker Cura modeling
project1142,Corel Draw
project1143,Water booster pump
project1144,Arduino
project1145,Python
project1146,Unity 
project1147,Adobe Photoshop
project1148,Adobe Illustrator
project1149,Procreate
project1150,Mig/Tig Welders
project1151,Soldering
project1152,Solar Panels
project1153,Solidworks
project1154,Lithium battery
project1155,Active carbon filtration
project1156,PCB router
project1157,Laser cutter
project1158,Polyjet 3d printing
project1159,FDM 3d printing
project1160,Ultimaker desktop 3d printing
project1161,CNC mills
project1162,Waterjet
project1163,3d scanner
project1164,Blender 3d modeling
project1165,Ultimaker Cura modeling
project1166,Corel Draw
project1167,Water booster pump
project1168,Arduino
project1169,Python
project1170,Unity 
project1171,Adobe Photoshop
project1172,Adobe Illustrator
project1173,Procreate
project1174,Mig/Tig Welders
project1175,Soldering
project1176,Solar Panels
project1177,Solidworks
project1178,Lithium battery
project1179,Active carbon filtration
project1180,PCB router
project1181,Laser cutter
project1182,Polyjet 3d printing
project1183,FDM 3d printing
project1184,Ultimaker desktop 3d printing
project1185,CNC mills
project1186,Waterjet
project1187,3d scanner
project1188,Blender 3d modeling
project1189,Ultimaker Cura modeling
project1190,Corel Draw
project1191,Water booster pump
project1192,Arduino
project1193,Python
project1194,Unity 
project1195,Adobe Photoshop
project1196,Adobe Illustrator
project1197,Procreate
project1198,Mig/Tig Welders
project1199,Soldering
project1200,Arduino